model,rmse,mae,r2,mape
IDW baseline,1.294358003877307,0.5603372619224657,0.9474225457022871,0.17059435620782584
XGBoost (no spatial),1.5476998811540745,0.689697782174181,0.9248265943614424,0.18336026178702358
XGBoost + spatial,1.1991950558801812,0.6278850291711302,0.9548694749658945,0.17241890595879214
Residual model,2.2850227990519323,1.2996631517433794,0.8361404330856765,0.41501581235775653
Residual + KNN (final),2.3757113444655054,1.4865287625579169,0.8228757311919919,0.3863083160044878
