confidence_bin,mean_confidence,mean_abs_error,sample_count,confidence_error_corr
very_low,0.34624398,2.6080551983841658,3842,-0.33564127195443255
low,0.4253214,1.7471950857596803,3841,-0.33564127195443255
medium,0.4629001,1.0852747916284455,3841,-0.33564127195443255
high,0.50095916,1.1261995867140864,3841,-0.33564127195443255
very_high,0.5444472,0.8920243342549234,3842,-0.33564127195443255
