confidence_bin,mean_confidence,mean_abs_error,sample_count,confidence_error_corr
very_low,0.3451876,2.5783470200253964,3842,-0.3350757786105986
low,0.4212364,1.6971648724931583,3841,-0.3350757786105986
medium,0.46395186,1.2756715671765413,3841,-0.3350757786105986
high,0.5007788,1.0597917792324782,3841,-0.3350757786105986
very_high,0.54648346,0.9118529319624371,3842,-0.3350757786105986
