mae,rmse,r2,mape,lag_leakage_rows,observed_xgb_rmse,observed_idw_rmse,model_wins_vs_idw_rmse_pct
1.2996631517433794,2.2850227990519327,0.8361404330856765,0.41602948538669293,0,2.40246819712362,1.221007293072292,-96.7611668459852
