split,idw_rmse,xgb_rmse,xgb_rmse_improvement_pct_vs_idw
random_split,1.294358003877307,1.2135166577870087,6.245671278590197
temporal_holdout_strict,1.7836223971122,2.0316467104333857,-13.90565142727256
spatial_kfold_AL,0.9092445369301639,2.050096337568456,-125.4724943951923
spatial_kfold_CK,0.6342427052032479,1.0352379984422426,-63.224265718671965
spatial_kfold_ST,4.972639149604297,15.493043137371572,-211.5658038167609
spatial_kfold_BG,1.1455073436424603,2.592847063609382,-126.34923101974199
spatial_kfold_LS,0.10967469245234196,1.4788487732240343,-1248.3956418356524
spatial_kfold_SH,0.2098727433380918,2.030948323309733,-867.7046628384721
spatial_kfold_KH,2.153699426812446,2.3521907602746506,-9.216296897844243
