scenario,removed_village_count,train_rows,test_rows,rmse,mae,r2,mape
remove_30pct_piezometers,35,13360,5847,1.5255358539806063,0.9059810224877314,0.910893813181312,0.2297733181275523
