scenario,removed_village_count,train_rows,test_rows,rmse,mae,r2,mape
remove_30pct_piezometers,35,13360,5847,1.5310735354015566,0.9176875925655683,0.9102457297313323,0.23530197790200053
